wallet,score
0x930a7cd60a633128b7c5181307781e6d033ba51a,90
0x12899167ebac6cfd96b61b18eaa5f91f9d859886,90
0x2fa1859029a483defbb664bb6026d682f55e2fcd,90
0x7c76f4db70b7e2177de10de3e2f668dadcd11108,90
0xad923feeeef3598217bd2d7d5d1181d8c386ca88,89
0xbc8dafeaca658ae0857c80d8aa6de4d487577c63,89
0xc7557ee5b5ac2f86df0764d12706f085ea77a845,89
0xc3fdadbae46798cd8762185a09c5b672a7aa36bb,89
0x7fce563e9f39ab7dfbd61978f10037cc32a95a4d,89
0xe9f39293660b1b4919ab39f400817daa42422cc2,89
0x4f3a36c91c392781536348c03dfb8f6e265c277d,89
0xffb3bd8b5365758350008118961254c5ecd1f80a,88
0x227033541b0b3b75ff258a47f5f8368fad866497,88
0x7025417219b883502d14fd0ddb351e90a965838d,88
0x02dbd1aa375c7d00ecf1de198158ffa332110d47,88
0xd1929ff028686a33cc436b2a82d71446bbeea1a1,88
0x9b3611abceb1550b7ff2ebd46cf6ae4319130014,88
0x119e26e8809efd0d2baf690c62bd847271f2e96e,88
0x1f92fc15bcbeb4dd24eefbead8d7aee409f891dc,88
0x5668ead1edb8e2a4d724c8fb9cb5ffeabeb422dc,88
0x77e8c5f5539473d8aedee2a2c9c3ddad33ebb257,88
0x943980b467fe194beb923daf7a544abce90b5f93,88
0x3abf8a57b611be2f8269e3f642543555c6179766,87
0x7e06b4c65a6bcd3068e692a592211e29955f6566,87
0xa739e29fb05abded0a713d23ec183747ed15d664,87
0xd2925983502b2f849c96dbe449179e8b09d8c6a7,87
0x45ec2ca047fd21f8d92e9ad7d03b839a6657bc08,87
0xd2c6c32920a6431968961dcbf54ef2e56fa4603f,87
0x46779e18b9a45e8309a9104e07219f2357c9a987,87
0xa8560117ccbe413074c420f3fa83f842b65e0999,87
0x9eff806ba579ee2bd51bd35b63cd19f6bd6dd0bd,87
0x6c1a6347761bb5f7c335f3e889410d40076ad416,87
0x1d5825956b0870d3257b73e703c632e9acd3180a,87
0x5f2220b69a5b84e39db5be936c8f90b61dea6ac7,87
0xc265cb0a1c965a6dbdccd2d827fd1d8ccdce4347,87
0xb9edc8201c3318fff07b2dbddc45358a63d1d253,87
0x71232ead3bec1ac03ecfe2556acd6c7d0bd349c7,87
0xa24009a666a0ca097353c392256220a1f5f68c13,87
0xf84dc4cd6e5eb982cc6790d38842905a06174f8c,87
0x54543587cd0412d6ea0e852eb62177bc9306a6db,87
0x13025800a6eddea918eae73b408eac60824f8ec8,87
0xaeb84158bbd553d4fbb152a403c7bdaf5e10517d,87
0x869ec00fa1dc112917c781942cc01c68521c415e,87
0xd56b98fe204c467ae2acdd585f19601a9456790e,87
0xcd35bd62fd15e732b5c8f4a5c878e968547aeaf2,87
0xecf76e6901832b280502aa051b60536d0368dd39,87
0xd12ca1d1308b34b1ed2aaad8257d52b92af40910,87
0x3a9f7c8ca36c42d7035e87c3304ee5cbd353a532,87
0x6a07ea36da7850cc89be2523eb9423fbe7237061,87
0x7a75da34c346f244e54fa2f71b25560efb1f9b20,87
0xa5cd3bc3f3d34b3a716111643e19db88bfa649c7,87
0x2025a9196d6fa1011080845c6877f6460cdb302b,87
0xd929864a0fe2750de4e32c72bbd4d2b650822ab8,86
0x0fb27f3e9b202a6a3db74b3303d33285760f9166,86
0x99e39611e125ad59214ab8bc62c2e79ef39d1ae0,86
0x8af82f495137b95e59cbccecc4479f1e07df5f16,86
0xa0058b3a974ee3be6aaa8badac1947fe72bb1db9,86
0x42ab9e1c9332e61eba3a17b53fce2abf73dc8b12,86
0xc373decd953ed7e4fd78f4c39aa41a44448fb6f1,86
0x40d20149259d690bef45a6830a779dbff6439df5,86
0xc26099d928f027172baef9b185b0fd342103d410,86
0x53c601621a9bdf0b98adf8b1f7d41ae63bd46c07,86
0xce75dc60005f890c4ac7b3d3ce042e57ebb0a919,86
0xc66a2b53b98e0184f2dbd3b2e6a4f4bf3283127f,86
0x9fd31424cfceab50218906bc1b3d87fe7778ca61,86
0x3edab72359e7658078f4872b7e4827d7242923a0,86
0xb21090c8f6bac1ba614a3f529aae728ea92b6487,86
0x566a08de00547a584f8c44541d924b93de12f904,86
0x9dafd2b0627955f9398f65324af581d44958d4d8,86
0x361622264aed52ff036ff8314adff6657c4153e8,86
0x0ff324d42acdcf93ed7187cb9705b4609b074bb4,86
0xe070e13c4af740a93109715b0c7c2ba7c30c4ef2,86
0xc15792b8578fc26c10de7f88191ecff579151866,86
0x2bff28a82bc4166d535bc9b803f77c09d47fb370,86
0xe7fbc871f6addfe87fd1d622024dd704808b7db9,86
0x17c9c3e835293220a401723811832e3e32fd391b,86
0x116549cd0715ce44f4c6bccb5b268ebc76e3969b,86
0x0e8c28770f789866a0383467f83e34d13d4b0974,86
0x45f1e5d98b7c338cd7cdcbcecc47ddef193674b1,86
0x9064f45ddb3875b83ce86602330e493e6abda6f1,86
0xe551388b683bb1e34e27e5a7b00eabe79b080bf7,86
0x2121d752b56227fe28ba8109abeaadd3df07e90b,86
0x248d09b842142ed5e4ec79d95e62baa46bfb7738,86
0x0073c423a0b5d88b330d481301025db1ab65d891,86
0x0951ff0835302929d6c0162b3d2495a85e38ec3a,86
0xb7cf056ad4a4e9a72893d40e259858667c9e21e7,86
0xa2cdabfa4141c59e1406516da6d937e35fcf42e7,86
0x009c07cc41a358176c97b525284d50f4960bc939,86
0xfdf9c91fa7157eba9fa6b85a923585c0d0b9f6e3,86
0xb5c0f0ff448c4891e04fd88ff77e634e8c9d6e7b,86
0x0b75905e197dbd3c029c2463964a15b310528338,86
0xd18a54f89603fe4301b29ef6a8ab11b9ba24f139,86
0x602dc1d22884e333fca32eb03105773c3b97b22b,86
0x515d82a74a9aade721801da71fd35f09799cffaf,86
0xcd8c4106ff54e8ad03f6e3dfc0fee679ac17322c,86
0xd27078955887e164fd818869a2953d5eb8aee2db,86
0x570ce6badac1c25b2d007e808a4d1b92eccddda9,85
0x35440df5c2fab7f5dd7c101fdf94a039a00c6ab7,85
0x1f8a9aa97618c77fad4be22fba26d4ea0507119c,85
0x365595ab460cb664c77d4e038c9051f09d781065,85
0x069237a95d830bf97f00f695866e73bb47ae0c1d,85
0xbace5a7e2fc96055d463166a9f6ad781c0f35be8,85
0x97b1a097a0139b8f2ec015cd26ed8c0195a1bef0,85
0x9f7dd5ea934d188a599567ee104e97fa46cb4496,85
0x0e70fd4ea2a0063396fed52a999d64f661774be2,85
0xbc937bea0a2c74669432992c90517bbf85aed8cd,85
0xc07414f8fb3ee80dbf61f585abed4b8d001d17cd,85
0x352f4060285b2c5e66eed5e61b6fec06e16af058,85
0x57ce34535d005fae8a345d35dbd818f2ee3803a8,85
0x5ba8be640c84e294bd7285b4d7a676ed8e1ff2ec,85
0x3f672eb36171a42ec04e59a635e6b1ec8a40b519,85
0x3c112d7558a9a80ef8a19342a5869b69d16c39b5,85
0x1a50a6238eb67285ccd4df17f75cce430baae2a4,85
0x1ee5d92751c7141798b399dffa49e41591bf3caf,85
0x19ee7696d2a71548a7f1fc9cef644460d7e73297,85
0x9d5f9c924833a5284f29576d07a42942276a26e4,85
0x2f41ed247b918d27300131f07676d33493b74363,85
0x159038f1e0183b3ef4eb197016214f6486189338,85
0x6e07663b21bd087a53739bc2109ac8360ebb0270,85
0x0d7c7bb9d42d6fe0008873e862fa03e646da0aef,85
0xee4e262d30c9e69e4a9a82ab4910e8d94c081b56,85
0xff16d64179a02d6a56a1183a28f1d6293646e2dd,85
0x120d7c6bef0af3dab374b0f1bd83adc347fbde54,85
0x9d329842b5c5eece3b094e7b4643a081cc6525cc,85
0xd6a22dc6bf1f8a200e1788d298b1e33a358ba9e7,85
0x32922e1774043c1dd13a69556bb511aaef4f8df9,85
0xfa5756494fea34c83808ccb6626f6b7e66d46c4c,85
0xd53046601e88ea3d7ec29f723ee855ac1ae7ab60,85
0x63ddb0d7750aa11251330fea651e2a7fa1db53df,85
0x25b1b0849a9653dcf70bf459c30763d5b7930706,85
0xd5a57e97c9532768a05f29f8c7c70bd990e01471,85
0x7973fd24410788c35e2f5e2d35bcdede00b9df2d,85
0x968c488f9ffd7c5026e6c527c88cf78339a8d64d,85
0x815721a8b174a18aec0c434706c289b08230f3ea,85
0x9b95e427b41522a0184d8c67797495426640ec40,85
0xcb59db511a5922303cc867e2853d5cad72698deb,85
0x0c8f904694c9017270e5915a399f96185b6dc47f,85
0x02ef744c9160384ce566b3e41c48fb9b35daf162,85
0x3e7dd7df9c1ffd12b8ecd94a27472bdc4d87ab7e,85
0x903ddd91207f737255ca93eb5885c0e087be0fc3,85
0xcf27ec0ae6f3c4aff868b2a19f8dad58cdc8730c,85
0xffe11dd3d666da59802f61670b0664519c20f94c,85
0x818539ad5bc9f943a5ca323a7f9249fac62f25af,85
0x4d4fc2b1d694d3d7647443b79a7efd3bf4efdb41,85
0xc691635a9702d8a7a3a3b69a96623739be260965,85
0xf78cf7bb109f7fb55e3cba2dd87edd5e836eb0b3,85
0x203a67b09429d1baa2c56eb4c57634e498f07819,85
0x72782b9ea7f51bb96a8d0cf90b1293021a6b7a7b,85
0x8510e03762a1b4ea8c6118048f50af0a28f88d12,85
0x4b4c129f619cef09246130769d92d137b771cd67,85
0xf7098d1fde0cdf43abbcc4f01e16aa11ab69029b,85
0xf1aa99c69715f423086008eb9d06dc1e35cc504d,85
0xb7128fb2180aa8d93c769ee7d261950c9acf002b,85
0x433b413f9d1b727f4e11b1145a574f51f523ef43,84
0xed9dff98906c908228bb23dd84c92dd820af2043,84
0x1bdb1783505f626a55a5e3dd3e366df1cd69c055,84
0x0e57c10ce37139507e72d0a0a552bc254f21d609,84
0xa43ce8cc89eff3aa5593c742fc56a30ef2427cb0,84
0x4282890ff9661a51ea367aeddf341c6f6395d4e1,84
0x3771eef3e76329ac4c17962a158a895545795c0d,84
0x98cd31a77948b77f1aa2ae36be4a5c5f6853de96,84
0x913d74033d61de00c388e4d30ba5ac016b104f56,84
0x5856a4677b5d37b898a651a8abccd4a205353e4f,84
0x3d534d4f6099b94846b905068bc1d420258065e8,84
0x96482d545d2f0513dac4f037e98685ca7a3d0afe,84
0x3d41bd2623c454ccf12cb1a943b3a2fe1a7a3f86,84
0x9640a35e5345cb0639c4dd0593567f9334ffeb8a,84
0x83e81d747529f0eb6145b149c438ab7f9bbd651c,84
0xa66aa61a67ee8dbd4a0dccd6fa6e3b0aaad49bc0,84
0x4f176cee312eb74289a6be2de9e09ec275cf577b,84
0x1bffafe206cfab42b23dad63cf0b603a673deb64,84
0xc18a3fbab238cdef9741514b2b5fe28ebc49fd0d,84
0xeabf7dec6253f3ddbcb70a93fa9a5d6470f6cf74,84
0x3c673dd35bfea5267c4f5598a8d441fb13f8475a,84
0x58a2f87490292bed41297fbdb50bbf716e80b016,84
0x5029259f5f4125d6517c2082b8b942657af3b509,84
0x3ef71b47a6b985f753b02b15b7b64c8985bcc4a8,84
0x6d26fcf5f2f07b6ce22e9f839692018f7cb84c81,84
0xa7f3c74f0255796fd5d3ddcf88db769f7a6bf46a,84
0xe6c58978d013b757eb315bd6fd776bee2ee2b63c,84
0xe69f609c75f8640fa034166c63929f2875c01343,84
0xcf50fb42926b255747fb8b0ea8e26d4e66952ca4,84
0x940ae426af89e9ed0267c4ea9021a585d634948a,84
0x4e058516eebf1db6b50d0c4396c608de25a77545,84
0xffbfc78cd57025f3ef4e478ac5f909a20a22ad50,84
0x26ec7fc8b97d013d3d0664ab78abcb401bf186f0,84
0xcfa69328a74c0eac388b889c21eb3ddd9d41a025,84
0x9389d9e95f8d409b1e6ca7085f0ada92e546ee5f,84
0x75565c1bafcaf5ad954ceedd8c20bb9788af32b7,84
0x9a26aac2b6fec5dd0463fd5c088a05049b835edb,84
0x6d71c5886d08d9a1c6c89038148055297f6440e0,84
0x0aba55c93cf7292f71067b0ba0d8b464592895ca,84
0x91b57d4077fb560bddbb4cbe81546b10005b587d,84
0x38b3ad7b8b162e1b2b21d6ce7c76b11a969171f5,84
0x786f9e6c7d47250b02835d08aee55b52f42220a5,84
0xd1bf30002eb933155858f62dd5973749d8c516d4,84
0xcbdb75a5741561e347d4508d96d850f83dcc36ca,84
0x6ab8dbcdb8b55e3f93853c1f433ece66e51f4743,84
0x012c5450b22a626a810d376d5519878a914c3f2b,84
0x8700b87c2a053bde8cdc84d5078b4ae47c127feb,84
0xb9ed3a2b35396e960af7a812d330726678795d29,84
0xbc927cf46a2c9de51fe3f950508ac655fe2256d5,84
0xabdb1f94bff885bd8933ac4f8aaacda4326491de,84
0x88856d6ce40d223177c0b345ca1f74a089bb672d,84
0xd82215782bfe8c5e2596216825bc9fb7bc48df68,84
0x8b59ae6ec3ef31c796600373a0add1d91bd1c00e,84
0xdc0753f6b3cc6034317b73c10413c19958d36ed1,84
0x47917255d73810620c841a35e5ee42c008e951b0,84
0xfd1935fd3c8f49723deb7296c58ba4bb1a0e48e1,84
0xfafae2220433cddba9f0425ccc64a812ab0725f6,84
0x4c3278cf1c45a3e5bd2000242207870b6c015cb8,84
0xd8cc3c23c9feb635ba1b18fd449188dda3b086c0,84
0x47486720f580b527fcc7fda72ffe1915f8c02107,84
0xc842d55c3a0371e060ff00bd66300ba097d295e3,84
0x7ecb7a50d54d7985604dba59acb2705b0871572c,84
0xb446b0c85cc4ef5f5ebf495c4fdd38ecc5284176,84
0x4be07b41f874a11bdf5f78d4e850d06aa4aebb61,84
0xf55868968409401ec70e3527c3dc50335ee27f4e,84
0xbbd13ca6aace2a8eccbde88bc7849c3c6e4e172e,84
0xd96e30349c431a458926d4664b4f8be97c35043b,84
0x9ef190ae70ce60126d1899fe29645ade741eca58,84
0x1a78e512008b2fac6cea2b8d8e54f1e304f3cd2d,84
0xf5d26d8bde798b381828c5a3b214abc60860b9da,84
0xa9d43d5b22e5eb975df03f54a90e4d630f448f4b,84
0x7091de9a5435dba7f051045d64c5ef56bd96064e,84
0xdeec9fd8aa3cfd9de0a470ca353bf03ba3006d2b,84
0xf0e501e38ed216565ddc50d3f405fe5e5de4a563,84
0x72d9f391dfc352105b8aa391475007d4bcefe1e4,84
0x49b61b0b725be7ee97361318ea6711f5ccf55ed3,84
0xf193cf0b3cbd6647454eaf93291b1459d63cf6ee,84
0xdfab10160b6fb43b241c581540e46229c581b1b6,84
0xca63a1eae2face6eb858d30554da0363716489c9,84
0xb8fd9b300c2819546013dd45c238ab6fa1eadba0,84
0x10029869abcebfac65f911732ba0662d9cc69b63,84
0x3783f95b6cc030b1ccb735bdbabe38b4dcf1cf9a,84
0xf9958fc198163c10f34e931d93abf7ef18762a2d,84
0x1048e693b121a6386f024f2e97ea17e28537b99a,84
0xdede431dab9a59a99d6c6e7f998ebccc3cbaefd7,84
0x1a01ea6f99123f161554ae7d489976fb95d0309b,84
0x1cf6437111a85cb37603650f278b80655a1c43e9,84
0x9d8777a884aa79d01d6ed5c78016f13b3fb63783,84
0x60771ae4c5f558a2fc050048619f1b4f1b8a69a5,84
0xa6e8e242a6bbdb87765edb408530348b4f51030b,83
0xad1cbe6fcab49120273df0c308f6c1b094fbfb57,83
0xa2382d2c0f5c3eab3015827e6be407e53f5876a0,83
0x9ffa9cced03b6b0bda116ab14be5ceda2db0e9dd,83
0xc9f29b7341ed3595d8e33b2c0a439d36064434ea,83
0x17e33637f6b64e9082ea499481b6e6ebae7eea23,83
0x70564145fa8e8a15348ef0190e6b7c07a2120462,83
0x3e4364137ab4298dfdd19c00e333561a3bfca53d,83
0xe8992b1d0737c4cc587eaafe13d7563bd50b5c14,83
0xaae170d4094ff99002c3eac52436cda7ed21b933,83
0x77d2a33ec11db0a14b5fcd9aafa4fa34e509f689,83
0x9e8e124a8099f08477ca8325255fd357d790ce2d,83
0x55a5f913ae82c43f1d63f338a304a0d1af0f3ac0,83
0xdf0635793e91d4f8e7426dbd9ed08471186f428d,83
0x28d59e2e8d87b4b272a75b384f6f593a41b4df4a,83
0x9da3682f7d1a6cb12d316225ba99843c3f7f8d2d,83
0x73555792708d34d5d2c3fce67134ea691ceb4d65,83
0xc6af895832bf156c59c8c0b59fc31179d5f7019f,83
0xc46bbcd460b0a29ea753c6f166da4a24dd45b584,83
0x7345c51439d1c84949f56a6ad0ecdf3f3f1d2be2,83
0x9b43f18a251f85d168ccbc25724818070795cfa6,83
0x77bed8137d3c1640d0f45e5cd1be92291d22f7d3,83
0xd1c04737c664b1baae54021fdbd22b9841c5d9dc,83
0xadb93d31362b2aaf970cc7871fd79ed2d5706d55,83
0x2128adfee4fc6a4c444fe8ee3148e894f87b2b83,83
0xc630511adc178d3e45004321c5f545eab511619e,83
0x250de24b28482a63a402ff3c8ebbf83dc7583e70,83
0xc609ae47b3b8c227d7545b12d8375781483209e5,83
0xc424e90ace50df63efe178ed5f28cf3759cf51ea,83
0x06faf1d63a900d62679f22af2ae8ef6c78eec9fd,83
0xe201cd08a9de28546eb8d16544604d6d747f5a75,83
0xcd6b1c406e9a8da31162527c40a90343b5bb9cfb,83
0x15b1ad6f030d59680b5718ed0d8ca3985f3bd9e9,83
0x6c76d2e8dc43b63d9952594514ed67eeec34218a,83
0xdc4fa3fc52731adc0f48a4e31c9f8e394c6e501d,83
0x16f0a28f9a7874207dde61895bfeac49a34915be,83
0x9a31ec2df5d42aa0537ff845b01512112d94a7a4,83
0x24e2b3e7dcede69200223531beaf18b9f19b8ccd,83
0xae3f684105ad37dc49d8ae316a32fe9eef583a81,83
0xa5b0c665e95545604f0a1dd0e3ecd857a9c2d2c9,83
0xe0273391e1ef99e63216535b65739ab9154bc887,83
0x1fa02e36cb086f2a89adba718c65db7085d16756,83
0x4098bdb17a75bf739ff592fdc51a3476141d1978,83
0xae8a12537986112027a997181f2ec8f8c01a1dd4,83
0x98b007ec836a5443e006e6cf075d92b01fb4e578,83
0x25cb5b18a3d6c7cf562de456ab8368ed577c0173,83
0xb5ee07876b97dd043b0f05f30120717f5250f4de,83
0xf9425f9100a62944bf839e40506c97dc28e5662a,83
0xb4b4afa3251f5498d70cd93211921938302f2d8e,83
0x8183866223445441b6fb9206b9f0b583410977e6,83
0x1b1ef65bb57862c88fb3ca5aaab8746791928485,83
0x5b4834f2609bd6057beb93e0ac189098bfd35fec,83
0xf9f2abcc9df889794b60f0791a784f5a97d32920,83
0x33784dbf0433530d4badd39baef04f98d0c0de94,83
0xf8b316e1dcbd6427f3c5717d88ce7867f05fc82c,83
0x0fdacd96faaae263ca6d6f4a4dc6b12fe9ed6769,83
0x1e5b5cf3ce6fa10ef40d2a3d06d7bc62d8d032cc,83
0xf84440dacfa8e3bdacf7f48409255d9f894f237e,83
0xeddc40555769e0a4d6e00ff55b9d37cd6ed8c3ce,83
0x23a39b3024cb784c02edb20bddeffa9a7bb6a5ef,83
0xeee61d4100c2a8fe0c3b3e9e9dd6b8afd2f2d40d,83
0xf6ad502ac34cc67f3a86b4e6a4ea802409b0af28,83
0x7c25bb1dd0fb91c69664c461909161a14dee9782,83
0xf668599da1ea73c6f19960b5e9c99475c4da1434,83
0xb335d18843137b21db0c9ebc23e7ed9f0d33f14d,83
0x8fecb44f0393b6936ec7b402c3c28cd85e783588,83
0xf0175bdcab2ccc717ed3886d87353b9562610355,83
0x197a78fe1bd3bbb64c1325c027bde8f67bac1770,83
0x7c6a9ca96a045a8fdac350f89cbd98a0e40ba057,83
0x65f5cb909f1bcc3ff21ab88d9ef8e2ff848c03e4,83
0xf12692f90b384623b7d3077d6b342bc3871186e6,83
0xf138ca27b14ba2a63c4b2e1cd8d3d6325cd18da2,83
0x5d79fc3e6a91e249c1193d8326a912f949568646,83
0xf46ad3ca0aacf10114c76e0b1c077a154e5522bc,83
0x357dd894221f4f8f4bb52aef3da7c618c39c3682,83
0x8f242eea01d82852cc9db9c64db449f232786011,83
0x8e7488075d58158083330e9f37db55056b5edb33,83
0x5cf77032d178f1e126870d9af26b63ee3400e271,83
0xec30507e1af634869bfd78adef8dc428b5524478,83
0xf34f1d3c83ba6dc25f518b986f38a8cecf5eb14e,83
0xb6af88412a30bcaf0e999826eff1acd835f43831,83
0xffa68a5ea2df5095f203c1b49e1efe1332e27217,83
0x2eeeedef8f6d93facfb10521103eb377cbf930a4,83
0x043e318a6c11970e3f7950dff7bf51657337db2c,83
0xeb1033916a795e424cbe46868d6c08bfb8a2d2f8,83
0xb539f77571f3da762101d4dcf80565a61be2e434,83
0xeae9132891b3e8da72ad8971f83744cd345e5ba0,83
0x7a1437563a366169ca566e9bcb1f7482bedbff14,83
0x10a4509fb431cf08f52b4eebd62569048606304e,83
0x0029dc8d8ef8c287ad395732dbe5d5bf951da820,83
0xc203142e5090a50d1b16dcd2af9b04f30cd0c551,83
0x8449a026541eb317086baab74372ca7ae1a4a94e,83
0x9609696ff59d29603f3c4f09de9368ab241e9f20,83
0x60d716fec3e25a00c15eddeae424a7b96daca4b8,83
0x3d36fd1335727f7c30d16dbc198f114f5908e78e,83
0x8cc7355a5c07207ef6ee188f7b74757b6bab7dac,82
0x5da581400c1a404811ab251680e24eb73f679f18,82
0x7f7dc314fc75658d474dbbfe598ebb058ca6aacd,82
0x5081891d84cf21beeb950b59e445406328c61aee,82
0x8d5238eacb01cebcd06f4fcd7bd321d00124ebf2,82
0x078c9ed6a7d4b1a6424ce39b077bbd23cc7d2024,82
0x078d3293662d34341bb39daa7fdbe7a3170f6b81,82
0xb32b2fb57152a6091fba9fb4803e2df0097c55b4,82
0x71ec9e8cfbba6b8d218b6007d67159213327fb6d,82
0xac9ba72fb61aa7c31a95df0a8b6eba6f41ef875e,82
0xd03ff5274e6ff0b43cee31cafe1c40324fe5d33c,82
0xf670fd01a42a80c5098d4785638f7b0a8ac69010,82
0xd0554b8dc33b4be4bee98718a7b5f8009a67a6b7,82
0x6512264566bf91efca43cad4e4495148511c9edc,82
0xfe1fa114b6899bd8c20e0d08401cada067523421,82
0xa574c53d63550e535c8b78f0e2a33bbe3c56ef2b,82
0xf3ae7a5ff2863247b83661cda7050d9df4bc9ce4,82
0x44ab82e7a914258a996f89f97227a9130844ea72,82
0x5d47e5d242a8f66a6286b0a2353868875f5d6068,82
0x2dea05a9dc86df71c69c891a959aa79fdc8ec8ad,82
0xdcfcbd0ee537882be942477c0955b97ff1903320,82
0x9df7c98c933a0cb409606a3a24b1660a70283542,82
0x0709de728522ff8477c3851f105e03c1263130e8,82
0x725322fb146d84d2f3a2d43c8cafd515b1cc68e8,82
0x2e83b16e2c24d3129ecc40cf43b8dc0f0c5ca8c3,82
0x9e5bbca4fd2502336e6c04edec3a4a08b5071df5,82
0x180b95b97ea51fc96dcc9950002f45832af7b7b6,82
0x45ebdc6793d0eac7977c15ba9aca002d815c368d,82
0xbbec95fce30d33d1972d412108a053030e31b654,82
0x6d1651ba28a5674a8aa1b5713de3415f15b5a2c1,82
0xf4c88ad0100975aa722bd6bd75fb7f971473cfee,82
0x075102800212aef1077cbb021f710397792e22ac,82
0x1d8c813e905cbfd1b2adc0ef3029ce5959c4d67b,82
0x0759d524faa4a6f27423496c8eed65daf27bfa96,82
0x2d90a6d6f59c7f8e26d12b33d67c59e499d6ce8a,82
0xad56935be2813f35a5a29626a2d1362d6c49c47c,82
0x54b45b82dd69854c39bc4346197f4a7ddcd183c4,82
0xac63313600e87da91eb4ff50ab3ad2c2a053aa22,82
0x10d5c4915df50e9313c21b4a7389c056ff3ff334,82
0xcc98bdc61f62f09167670399110074d2eca72bdc,82
0xca4a4e011bdeb6e5cbc229b882ee20ad3231096a,82
0x0ae3a4258ce1b9b53d74f6f390c14c4010c81ad0,82
0xd43f3716cbb9386352880a9bd52f7f07ac01752b,82
0x62e2a91d14d6bae5797fb49bc47d035df81aaff4,82
0x27970d7f5e4241fa3e79eefcfcd302c60b8ff0d5,82
0x1b2c2ff7a6140241440941fc3d5a29f1a0b53f2d,82
0xb8091f6190bc4151d23598df0a5d986d0aa1075c,82
0x2d244257fa51d0d9a74fb36e71eec0d964931699,82
0xd35dc42c3812ace3d313f8303114b731d428a0fa,82
0x8698350a036f463e6f0fc018e883a266e7266d32,82
0x30781d7d755845fa50bfdb63ba7b9426a760f3b1,82
0x523c8b962707252201fc9289289081507f58af4d,82
0x30377714d83f02be07189b321c94d554fcaeb3df,82
0xd2a24131a564f00ebda75b34fc6fd5d91bc32693,82
0x8729d7526421c1b9269a88eb607c61a6c1ff4084,82
0xb79dd7a1fd1298b13771055c0bac2f215f4a13dd,82
0x4d25819e9de2a2eeeddca953d1ef0182680a7054,82
0x2fdfb9694c66388e2a40844b8944d0ffed718cc9,82
0x639752f607ded5aa18939ea7d46aaced33b88363,82
0x00efe838a629339d98f565956e055b64724840ad,82
0x80d6ed65c0d84656e057fb7e664d619082575bac,82
0x6efd5dbb3e3c96c4c8bc7376aae263d1c0e7f532,82
0xa1932d804e85ae3b80a2a47446e98e51d65d877e,82
0xb35a10524a01149ae440dd4eb0813940bf653081,82
0x5481082d92a84e972bb0a02dd833f2d28a224e6d,82
0xabeab690bd56d307f4bb3b59c2f209c353ee057d,82
0xd10e084da255d64b550beb72cee1c11d869376a5,82
0xcce25be0e833dc0ffcefa12bf1867a972e15bc2b,82
0x0fccef1c29deddb1e2a007ee9c1edf63149aa6b3,82
0xd772f8871c693523a65fb9747564f3fee6fc1f1c,82
0xc96265c36f6d77747f9c259946a1ef55fce946b7,82
0x484a3588e42fb1541858aa314854eed26e14816c,82
0xa0d993c55dcf9c962cb3830fd8157cc9e0ca0c1d,82
0x8a9bcdc68d19e111663d6c986caf1da1eda1c304,82
0x14ffae1d2804eaf261586a6378218eb5e7235066,82
0x7060380f1f31ec257fb69dd4ec52c2ccc07c31d6,82
0x112d083ebe9ffbde9e0cebe5f4c3964f8e8533d7,82
0x003c52a71c887461087154eccced08cb1c5384a5,82
0xb3b75c9277bd2be383448be2220962a31c6dcd79,82
0xd589607cb9b7ad12b50b528b0dff157f749df285,82
0xca07aacbfa8508e4aeb2269ae364e185bc9421d6,82
0x8094f015cbd787e16a65ad0ab606c41d78c1887f,82
0xaf0939af286a35dbfab7ded7c777a5f6e8be26a8,82
0xa66df139494f0fa22611eb4d50e36bb9928f14c6,82
0x935361eb81ffe4eef326902ac37e8aba82edf403,82
0xc53e7040ce1d891d59f67cd2dff36b32d4db1f80,82
0xf1caf10c5fe421660e8fdf2c0cdaa0be68633b3e,82
0x97a8b6076ed6164df582e598dfb363ffa770dd54,82
0x2b206d5a2024752cec1f3256a919fb7d687be9b6,82
0xf1a54014d7a4e3c5179579b050a0a0a036a158b0,82
0x978aad63fe35f7a72573c411c3dff53608aaeac9,82
0xf10d5716c7d6fcca6301fcafb9bddb7053854919,82
0x97889c952368b5ae0def08eb845ec1ca212b6f2d,82
0xc09544da6f50441c024ec150ecedc72de558ce94,82
0x29429b30a798cebeadb3616709660c4f87f245a3,82
0x59e3adae9267f874b175df394abc5fcd0fcf8175,82
0xc1f9bb72216e5ecdc97e248f65e14df1fe46600a,82
0x3f3e7cd8be447aeb65c05eb6596b03e8c8627803,82
0xe56005a2f53904af14c06af262ea2bc024f7ae94,82
0x02feeb0ade57b6adeede5a4eeea6cf8c21beb6b1,82
0x900a30257db838d82130980497bd403adaf5e441,82
0x4426023bbeac104ea9f6f816c979f4e39c174957,82
0x78ea493c7f11128643c205cfadb77431c3f4d20c,82
0xee848a515b6da28e21d26021898ae0e14b256db1,82
0x6a06a5ed081990f4313c03aabc70f5874aa43f89,82
0x0393f591f970708c840ed9970f2a867d8b588c83,82
0x163b5f343ac34f6ab7e5a7466da9af15b81fbd89,82
0x3a29e208600227e81a13042d9694438251d6f23a,82
0x96107e5b992475d3862e7faa5450d4dbf36e82dc,82
0xe19c93c8b77ddf06c9dd8e77d867d19920336666,82
0x410c8568c94f707008bb7a5afd36421b0cf6c307,82
0xbed5b52cd825cbefb262ad491286d461d00606f5,82
0xe264886feb92e9c6a92fa196dfdc09d330b66c17,82
0xdee8d9a3fd4391aebac104b4187e1d4b12002089,82
0xafbc2a1ea36bbc341751063a35fb574e1c1c90cd,82
0xaf5d6846a4b7c2cdfabebf001382bc9cba4dd266,82
0x93b9de26cbaa19a07a548b50636121c79f8ccd41,81
0xc2f833639b69d46422db24000d81ae3ab49f2bb4,81
0x1750c83fc42d1d9d5edddfdee1ad16699ed4ce35,81
0x52405eff99dd4c2015463dc511573344f2e2e8d7,81
0x75d3fcbac90c72c32675cd80b109454100f3c9d3,81
0x877da30d93546e4585bfd616250c61b7e0e2a76d,81
0x8197ebca4f7a0918156f188f53c3a47381bbdb73,81
0xa1872b9b494556777d2b3ac5e699cf7fb377bafc,81
0x9df659ecd8cf577b1a61ecf2caa364bd9277481d,81
0x3b1978d47c10425ccd26ceba02736b7c6d3424db,81
0x17089a308ee42356dced12e13d8caa33e18c6d96,81
0x52e0b17cc061d1ff9bbf986ef2408a660a2d30ab,81
0x88aaf4a728e14748cea5e9a3ca1306ac567ba472,81
0xafd76547db46ba920b25f5d1a523897d401a130a,81
0x4a02314976a755cc5b7b2482f25170714e903a30,81
0x311bf6e6b6d416a808adf524b2fba791bf257e19,81
0x310d4fb2845c3e0c3c57165198d65a5327a373ea,81
0xbf58a83827887a0e4c98cd641aef095ab735ecd1,81
0xc37027c11b6b416462aa7b589e6f7937ce220327,81
0xc2dd81387fcd29fb45353f1ca6f5acc4e03907b0,81
0x93aa8c9a50efa30bb28ce0ad12516686c963472a,81
0x6c1e53eb055d1e4b5ab1ecb0e44d1f513ca53082,81
0x3f70d4927adfad26eb7b1574eea7939d347d902b,81
0x2a1049062c6cfd69bd38fbaf3b0559df1dbbc92c,81
0xe5c3f63f8621b75fb6c4148180e265a75f5d2995,81
0xc209cc607c81ca7d8c0bfca7bfd6144c74a7e238,81
0xaefb46102b1c65fb26ff5748f941038c9612034f,81
0xced495c53dd30a6113aa6f54490330a0d4d2a2d0,81
0x614d98a57a5d879d717152de0690ed2b04562ade,81
0xfff95dea424c0d7a25471982610a2485f302fb54,81
0xe947e32c6e1cfa4b9406e736782df1446a5b189b,81
0x1c2c8a55ff634cf7841890dfc8ca7707e9b93d26,81
0x6d23499ccc3964d8be7d2ca0e4189c7f95246127,81
0x2ee0b86ae26a615ab18958a65553f5d6498cfe98,81
0xea0987748a759bc25a7d672e921a36dba8266c51,81
0xea19f610e984e80b4c40d46a7b5a9ba2f9eb341a,81
0x231ea269e5ef8df7056ecf26f9b97ef8ab5cabdd,81
0x1c3d883c9226d354df1c9bebcae51d06e140a27e,81
0x79b56a1429a94e133ea30836b7bc298348f246a2,81
0xb678853c57b94da8e6ffbf0e792e9c31788d84a2,81
0x779df480b2eaa9eb5b4b149135de8dd97c1cc492,81
0x2a2a9fdb88a717f417b2bce9bb592ed28d2a9be0,81
0xd015fb4e0c7f2d0592fa642189a70ce46c90d612,81
0x3cb08deb531729fbd4776563b792730c8249b121,81
0xe7f581032d0937b0bd2b9ec6dfe1ecac86326ad4,81
0xaf2c53c0c959e284e1cf43049f8d3c3b57cd9e8c,81
0x84ece745851c477d15cfda32c71f2bebdbfb6218,81
0x50ace63dad8ffc2686694008fa069fbdd87b1446,81
0x6cbf891ec109e6e9e1893dd33f145719540cd834,81
0x6ec62454447b9adacbebbae86687707a786c8530,81
0x6eede1c561f85f99aa5036bff1a950b615bc185d,81
0x18b12be7ac3de29fd6aa84c7d3fd2c2ed5df0fe3,81
0x2f978eb03ed22c86a1f0c08d4504b4c2cbf2245f,81
0xfe5ac7992254e93b9aa4d4f1f4dacf01150d85ca,81
0xe2c9cc9fad5e35d3ad3fbfff8bbae6cc053920f7,81
0xf2deee04cfa4119cb0c7a0f60960050a55a6c4b1,81
0xac692be7a338eb59c5d5c3c49722a2d875512252,81
0x48413d529ff56310128dc91fb9fc833bb0aef449,81
0x1fc931e464b63cd55e69c1fd4461317fe35ff771,81
0xe1a665ae24e57573f8c172e2a6588a64c35c4478,81
0xd7fbfb25e4e9e1950d68fef0dc72ab0f09de55b3,81
0x429e8a3534b37379c7e5dfa6db41f50d415ba163,81
0x23962c4fabdbb7869609e17ce777083cf8341517,81
0x800c443d4fc0048d2f4a83d64cdec93a824be745,81
0xb2ea5e5c907f189467fcc5b5fcc967f25985cc14,81
0x8e8c551b9200cdecb109ef2961d265ca2167541c,81
0xbc0c33fff2888a499a519a641a91f9d7dd270b71,81
0x54f987c0a786031357427211046d9e7ef61f3891,81
0x8eb00380cadd63a895e388c7814e7abd2974ee22,81
0xbd580d6d5ab92eabe180d553a7a849d5ee87afdf,81
0xece2a8cded7f6bd3f5849037a2cf245f00a96cb7,81
0xf18a8c841104921cfb895f32593096ecf4759f75,81
0x907a974a4da906b28ae734a86e6625508b7a4a43,81
0x7f8919fde017c5ff8408e4def990bc81f20d3ca4,81
0xb1998487b4cd187b4c4d1ad81a957ccbc10a0f85,81
0x9c88b3af3e964eb23b68aa2a8553acb4ecd322c0,81
0x5ca8179510ea0c46327252dbf06110a63d4e8f35,81
0x34cfaff03f43f240c6c4e81f076f3db491021007,81
0x0cbf84a124f7264e86724b83b77a9a606eadd6bd,81
0x10888cffd0dd7eae7c3b496f06273914ec3156b7,81
0x7225ac33941112883620212d651714c1e4aea0e0,81
0xc7bde5d00c8e0255b6a262a16fd7d5533e436e0c,81
0x46885091faf1a59fbf97f1937f40284f068664da,81
0x436266c46e2c2e7c8546573d72d51b96652ad76d,81
0xc7b6c16b6032ac35ed5a512622272215ae860156,81
0x90eebf17ddf3c8ff2d096bc9fe0905cb2bd3d81f,81
0x19764305e5df2563e2062bcce5429b540d994be1,81
0x931a8586aed467d8583c76524a6d1d1eadb9124f,81
0xd63b87fa46652a28cb3ffcbc56f7721fc60943ad,81
0x0e4a51a9a0f3c0f38f9d3d8472985c4a5d020e6a,81
0x5d345ad7e348fff3a339c61d6394ca24b094f939,81
0x48ecafaa76013fb100cbb140b9395804438c0e58,81
0xf86b6d7c82597de4441c4d3df218824672990fc9,81
0xc721921b29618680c19f4a4d1458f82689c126ce,81
0x14f72993ce927c271066484839b2ccf00b457609,81
0x68803ac6443605374b029836c356964550596dc4,81
0xde1d3f6b9fe90a9b64064ce5fd7343bff0bb939b,81
0xb97d56feebcd2d8ef7c17d2123164fa3bddd97e7,81
0x73fa9df99faaa8d110c5afd917355eba0f993362,81
0x0c62d18819cf8e07cb80f11f0676778a820bc9ec,81
0xaae54d09b51548632680a9b91cbc107042abe3eb,81
0x44281ef600c0f95b0d6fbab545f3f837b1bca4d1,81
0x4271d22292aa37e13cd0c68b8210a7a6af194407,81
0x8e831f16c2aec702f3ef81f2b6ae70dd19fbe08c,81
0x4272d4cad0582720d2c328b8377d5ab5311c636b,81
0xd5efc2da1b4913121058972828e0f5b8a76377c0,81
0x9e6e344f94305d36ea59912b0911fe2c9149ed3e,81
0x73b5fb0b9b7bac09c20a67dd7b3a9c1dfb7aba68,81
0x1f4508e6758e12397fbc7a15df4d53a63e03c78e,81
0x5e04c44bc532c39805ab789c60879c3336e443c6,81
0xbd9cdcb6688b057080b1767261c5dc17a5804e82,80
0xa6e78caa11ad160c6287a071949bb899a009dafa,80
0xaf0f557a9a7e84bdd02adbc14962df2789d95d4e,80
0x65892f21a1d6ce485f21e6643d5789962b401321,80
0xbd086f196c010be4d487a6cd54dee584439a54ac,80
0xbd5b732a7cc8cd3846b3b965acdee17532407e2f,80
0xa7615cd307f323172331865181dc8b80a2834324,80
0x1244d96845d94b3d1a550110a5c97ef018f4d24e,80
0x0eef1558c2514b96a13bdb3fa47ac8d37f7a65be,80
0xb6317af995693789900f85b2d93d1dd0f5deb558,80
0xb553869135643ec9e7044628ce3d213a674ef26a,80
0xa71e01d2140be779fb3412ddd72c6ceeeb300610,80
0xc3b439e6364b3f8d07754fb782e509e53b3d0b1f,80
0xc7bb748b46b63abeae0522c179ad6382bfa14eb1,80
0x69d7e3b4c5b06f0704011a0db01ede3ee3e9d612,80
0xca1132ba4e92a247365b0e8dd1ec23a1fad2fdfe,80
0xc9c50b55c3085606ff05c70ac8cbaf26240891ae,80
0xafcdc9b44b3d9725d9bffd6c0b4b58c37d197490,80
0xca7a1a193a02e0520b6b745cd2eb24967c27ca00,80
0xc410fa737c0a6cea167a8a4281505446a12eb720,80
0x57bf61b835a8a49fe51aa4614f774d9f01bdda73,80
0x5efbd1e3c6ee27fcd8ba996e0cf747a63e57230f,80
0x58310fef123f2e29234610522db51e5ed278e752,80
0xc33d98e88682c883fe32b8f6620660692092d39f,80
0x20f73d9b7f4a6ff194f1791bb37f2b789f87cd3a,80
0x5fa079673749104641b0e59388a87c84c2843fe6,80
0x5db5286cec9a28d76feb4ee22e0722e6a6912b22,80
0xb7a158f6231c2e894a57640deef4767526321fe3,80
0x521012529f12760f498a26fd67701b1f41f63f07,80
0x600c9250dd0d41bf658ead8b0bcfd8e7b9484b2c,80
0x6c8a3edf2bae56fe85ee46ee108adf99b49e9288,80
0xc8b186ed4780143ba9116387611063a0e96d7b8f,80
0xba8a7cf38f520f1dca3dda158d6946ce7ee87901,80
0x68d3530a2b3e96f63eec7e9d3d5f209af7e29e2e,80
0xaf7b6cd84a798fa1d58adcde725681ff3d196b60,80
0x5c03b29a583500140c93f26f4c0561c75bde39b8,80
0xc4925ca90d15f19fa8e629f44db89ea03963d153,80
0x51360b0c75af14ef3bd2720796da501845147d4c,80
0x58df55d6ab2db99d440241a607d91898b9ffd046,80
0xb52c52486b13ddddad792f671894408d16e1c048,80
0x62643c6da84e112e664cfbfe64dc5302e6b8d0d8,80
0x56f999024e23e626a95988ce77d4c7742561ca4b,80
0xad54d739ef647b3b29bb5043a16317bdc1ddc470,80
0x2e487351c0035dbedc98ebd9200a55fcab8bf098,80
0xa6dffbc492e1dccae78bf4f6f6c13b1f96469e11,80
0x741d4defd75b782fd8f77ba407d247c4c645ac5e,80
0x3c2cb7943e7d0e42e55de96983a34a732dbb7816,80
0x1e85027191716fa61d97483f26637ba8e4359929,80
0x2ad9ea1e677949a536a270cec812d6e868c88108,80
0x94af4c6e9b0559b3a5d4bb667954a66c3a642957,80
0x3cf687bbc6ab9dffee28d325d1336d556b9a230a,80
0x18393570148df516f664ef624d6ed9e808f109fb,80
0xe99b1148e185d2b8e4e901f60c0230696d3fde2a,80
0xe74fe046d6c033a1b2f2dbf253f85449425a4f55,80
0xe51c377490b46fb13863765570da529a7a1470e1,80
0x172d4abfedbaed7dae325a85f09c048a407efa12,80
0x40900ce257cbbb457925e5805526be5e5ef5451c,80
0x058b6abe08b777bf6380e687a1014f27cad4bb3e,80
0x41f2c7d530bb3ba3d9ef993c1892d95fb5deea95,80
0xe258cfda93e8bd42b95fd91f09f73f44c18b9a44,80
0x427f2ac5fdf4245e027d767e7c3ac272a1f40a65,80
0xec45c8fd6c9844be241fc2ef399f267a21210fd5,80
0xe1b4541955adbf751f3ad479840eb028e4ebe9d0,80
0xe1478cbf115c2d6bec1572e0e6a43a2dfadca15a,80
0xe10fcdba98afebd0f2296a2c451034d4ca6d9079,80
0xe089860c9033471196c7adcb5730c99630083f19,80
0x29356c9701d9116a864764acdc899532bced9f13,80
0xde1b62535e31561c78ba20e49053f2dbcff4b9cd,80
0x06c53e7b9de5e016825fd04bf5e6538137174091,80
0xdbba7dd8177011af247adfab3828d6ec6a472bc8,80
0x9e9778231e38ec2473f9addcadfb81300d5256cd,80
0xd998171b51dede5bb420228f8ca6e349daf0fd62,80
0x46a0b4fa58141aba23185e79f7047a7dfd0ff100,80
0x9fd4369fca86a0a7244363bc2d3dd9e08f439ae9,80
0xd8fd20d0590d9ea49067ab288f0f8600eea2bb24,80
0x718fdf375e1930ba386852e35f5bafc31df3ae66,80
0xebd14169d96391ee681827c38081c5394f975d3a,80
0xed00c8d7617ba7331d1c21166e1f1a0f5e414838,80
0xd7b4f76be7e0212bf52020e2e86ad989b81d16e5,80
0xf63b15dde41e81f2429303f9304dbd0183357895,80
0x83fc8434cbe8d385870e68be283f053de30a4be4,80
0x84640b3c91b5a39c29541929f129bc45d1e50b6d,80
0x2d8fad6cbdc3b6e841415286a617534ec6720ec1,80
0xff53322917b756fe180104afc965d2b9ade697eb,80
0x2f47eb00b241eccce85f369a024742186920e111,80
0x85a48e017c2f09037046656f2dbb063c3c1d3ce2,80
0x85c90e7bb1e5e2beca61550308396c342a043cdc,80
0xfdd43923340736ffbcb31c808ac644922c1df05d,80
0x87076d854af0c10d19c877d80c58f607f5f33d46,80
0x3014028c3b3940364bc2e99c4c987f98ea299c51,80
0x00a050ae48f4f5463321a9eb2aa2dc2314076ca8,80
0x2d29da8a41acea411189ae98ed73c9503e0dd4c2,80
0xf8536ca7a25cbf70df754fa310079ada4c6114c2,80
0xf84cc6a984a64468dfd9da25ec44b40c0eb7678c,80
0x8c9e03aadb9c97a33568515e125e840ffba838e9,80
0xedd6d7ba0ff9f4bc501a12529cb736ca76a4fe7e,80
0x1d74f9399d552276de96d977117b09bdfd344da7,80
0xf5bb0094b5b7d0c03e0af35c4b4b287805d71467,80
0x8d043b0c66e374c34a50da181aad0a3fe700f061,80
0x8d6f28e5baa8aad23305b7b9e7ad2e67388667be,80
0x358b532b553aa29eb0295ad72fa2c1ff528c8c82,80
0x3591d261da9ca19d83de5028d4caa02f22aaf9ee,80
0xf42f6d8affb2eeae38d10d9df723b53c8560389c,80
0xf3ae3bbdeb2fb7f9c32fbb1f4fbdaf1150a1c5ce,80
0x7dbb308de0a56d159bcd812b6d7d4cea6948e847,80
0x8f56ce34d90141e3ba9d78f43bbc80b510de3e9b,80
0x3793c91f2f00f4659271859c1ef898f2bd131a5a,80
0x9057e3b928e0b0b9ca2767a68538b3adb290bc85,80
0x90a286841a7e928509c4016186ee4ced3e2ec079,80
0x7bacf22f747f2f4b983081c0aa76dddfecd008ab,80
0x4758a12fb01dc7cad5741246b9e2eb59ae1ef38b,80
0x1ec3c1f70e1d6bbdc84092ae86eaade495fddb9b,80
0xa342b29ade6837b519bd9067047e85edbe86e2ad,80
0xa3112fe508043fd974d975c70b6c3ae581d7e032,80
0xd48fd91c7c26a55804352f16700c7e8c4fa6bab2,80
0x6f19c6c609831d1caa4efedbd7b5776aa74150dd,80
0x202bb13fefa17335fc4d739e25f495d0c20b9c17,80
0xd19604efb40ece1efd6df5de6d3892112b51e99a,80
0x49b357c9acaa84a0cb978571b642b825e964b2cc,80
0xa4e7918fb5f4a8c12f9513b193be1d764d5757dc,80
0xd0e541e693d96867829c4938cbf75d369d4f6176,80
0xd455992691f18b447823dd12c28bc31626706244,80
0x6faa0cb9c58c7ce881cc241249a31841adc2f380,80
0xa1fb1ccf3bd712972b06a089c6c69fe342a52af1,80
0x49153cbd5b0c516d1320bc42b48c73548b73b678,80
0xd609621e9e11459ab4dd3a650d16bb2583649c2b,80
0xd4866d842fe47c227e0113d91663fdf5c47270a3,80
0x6f83e7a0a51383cc8c130e33e5fe99bd3c65fa19,80
0x4bbaf33a0a601618dfb876a96729dc7d1cc449fe,80
0xa11b4c17f11c3517679477d218a2bc2fdcc6dd2c,80
0x275c69284ce670e88b5539355d94bd0601981d1d,80
0x485470fca663f60b92bbc5111c5fd7478bd58d0f,80
0x48490177c625cdb69c6dd393b683df8233d8de85,80
0x37666842cba15e7658380b37181b67989a596cf0,79
0x6640b8ac2eca172baad47cc8fcc472af8f354547,79
0x8fb11d2a30551122d65d938a23682c7f0479bcfb,79
0xbd968afcb29e0d62f8e31903ac84761b44a0eadb,79
0x5999865518c9de250b820762130ff7a7119a4558,79
0xd22c82dc75816102e3a7490d85413b323878fdc5,79
0x58f123bd4261ea25955b362be57d89f4b6e7110a,79
0xebda5629fb541c474313a41e40018f8f5ed3c344,79
0xd215a3c32826703d82eaa906238cb5b80d09b2b8,79
0x8e55ae759901aa0d0550b03d79cf1f2ff5eee5b4,79
0x366ac1df169b71fd76476d488716b9bc758e9109,79
0x942b95b3d6516b899421dfe44408d061671011ab,79
0xeb7d93b7c0a1d21002f0b60e9add6174cb70f71c,79
0x396e310ed7f1ca78a0dbf08cc27ce1ef4088f714,79
0xa3d3b0d7ea8ab3cae4aaa0cbc7119a3777e80eb2,79
0x3977504a7240f400d608f5b1c7f7299556b284c9,79
0x93a356288e202db0c9533ea384ec8d4b94270806,79
0x4846e45c101a8339be5489167f5aba5fcbf37bca,79
0x938728abc0bd173b8a4f07813810e224a5c3c166,79
0xafe609643934ea392b8c400db474d6419234d64c,79
0x689476323eb5e9a5ded342f54b562fc2c156a522,79
0xd2c930c757752c449c0e8f10633cc2e31fcc4ed5,79
0x7af22e2a139772b964dbcd5c549c00e5b2c04f67,79
0xbf33fe4439ef241111c47d022d0222071d4bfe21,79
0x7b81aa194de872268e294dede70b2c30a3d347cc,79
0x39f9f63c37a3c56043ee26b76f184f13430f454b,79
0xbcba34246db4f560fc19b9a56111b90f8cadb248,79
0x6f43578a5bc4c6c893bad3c1598b69d1fdfdc692,79
0xec2a4a28894d85b6aa8489c83bead5eec072af98,79
0xb06ed5ed911c26474ec978cb9808d7e914bc059d,79
0x6797d2a4acde0220a3fab1219089e2d9aad9a459,79
0x5c3aa62df08fadf4bbb2cae10969cf143c958d46,79
0xbf4cb3873870e8460288a3012fd5374ebc57d168,79
0xa809470bf67529254e21dc2e4a8fbc71e46ec984,79
0x35d3da57064d2f5ec5f0824caaa839a43026bd41,79
0x30eea1e603b556eef164b4554bb6e7471b3e70f7,79
0x23624a34ee5f3d88395766615343a3b0743e191d,79
0x00ace6f9c2d01981b709e6b24334bbefe83ace9c,79
0x4e4bea4763b0334766933d88e1171af56191b636,79
0x103b3a31c6732c8615161757c64d2c5ed7daad38,79
0x869a032b284481f4ad359ac75cd017eddee5c23c,79
0x2fdbafb63ad6ee004a216de5a481bea427d95cfc,79
0x0069942d0e0835dc6b229ab1039b96f0e95dbf94,79
0x8242d744f0d94f3a3e11258d727ec093e2b4589a,79
0x504af2b739bd8cc1781933467ebb0fba59e182a5,79
0x8540f80fab2afcae8d8fd6b1557b1cf943a0999b,79
0xb6ca56312079292eca531ccc78ca6e9c8a4371ea,79
0x26868de5c3ae8f03adc6a5ba231445feba8b8bab,79
0x2f1a6c3735ff526548a5c735e6d4c2bbc852ea12,79
0x10aa95a9a64b4a72af7f26ea92c737d99d0d5da8,79
0xffc7ec34cd530cb5745cb06a285f31d536a7e13c,79
0x4f239dc9aed5cfed050d5898865137120be0bbbd,79
0x83d836a5b96a886abc57f84775f6165614dcf8d6,79
0x30887fc55cbfad3487cb55bfe1779f6d2ba1c118,79
0x00ca89aacfcf2c52136935b852af1668169f5035,79
0x7e2bba2705c5a7ca8be1237f3c32fe66c192b311,79
0x31c86c49956627f0dfafa0274ad6a9161f463a7a,79
0x3c315dad747c210a522f118788e8d7c800116680,79
0xd10e24685c7cdd3cd3baaa86b09c92be28c834b6,79
0xa80323ddc5389c524b8f9492d0e9c3b83e290d0f,79
0x138293857fdad1edb72d08e78c1e0b64f0330d74,79
0x8cd7c0cafbd36d17e034497c0b472e28ecc970d3,79
0x5dad61f3d0cda2901d7c671bec7a22a378391297,79
0x8c2cce20395c0688b671e8fdc5963e0923841df1,79
0xf741df22ac668cf55b8bfb40d52ca1cf99147c6c,79
0xf7749b41db006860cec0650d18b8013d69c44eeb,79
0x804faf1cf24eba1df731c1f6c7c7bc3e3315f826,79
0xf8068786bee3e76801f6ffa67a4bf45fcc71f99e,79
0x8ab0fe3d61e372a0caa2b2acf6d1ffdefd1c645a,79
0x4e42b034586de6d3c09d4cd1b521746c5420aadc,79
0xd08cabe704034c50ecfddb73db12d6bc6a453f05,79
0xf8715c5d6d9404cda3b87aef8f358dfe1b70ab98,79
0x8a57483de560098b1a6c49b7e9d70db6dd505250,79
0x80c013d980ab049471c88e1603b8b4a60e03295c,79
0x6954644f7dae221ddb66eb59793ce5b6c0e2eec4,79
0xdb02cba5e412bf681f3d258ed89a5577470444c7,79
0xacfa1c0a40ef81872fb7a674a406ef25164dcbd8,79
0x24e09f0b6e050754a9ddee77d867a786a38339dd,79
0xc38fe630dd7b1de5a95a860871e75329d9c4e5a2,79
0x74963a0ba56cd6504cd9767fd7b91429b7def7c4,79
0x48c156c85a58f7a995902a4554c2a5a58cb03e0a,79
0x41262188e5a1ba7f537b449ee584b80dc491cb2d,79
0x5809468d6a343a5ea114a6f6a698fa5b5a72c812,79
0xd99c4d61f385327ec94beb52244166003287c1ad,79
0x49ecb8ca5cca9a65c8450201935c609f62490303,79
0x1f427a6fcdb95a7393c58552093e10a932890fa8,79
0x49db40c783444cbedebdb09bd39b508e70b42c37,79
0x9a4ef008d667fb79e5af2fecf1eb7c4b8cad04d5,79
0xaa8e2e0d59dc2acededb3be9dec442f7671ffeb9,79
0xda34dd6743d6b6d5070b823f30078982c88b7e1f,79
0x1f69dd3d567b22e88d74213f4ba7086a09f506b8,79
0x9b4e28020b94b28f9f09ede87f588e89c283cffd,79
0x70377925e4eb724262aaa5a1042f89a46b9d2753,79
0x9b67bbf26fff9b8c446b344959f3eb43168c2734,79
0x4697d43734c9bc4fc5dc21872ce8bf7ff1deb5f5,79
0x9befb17f1252396803903f5ff3d7dade3e9a687e,79
0xeafff1987d9fca3d540cfe07bd22a9cb58733fc7,79
0x53738166c362470e3d1c62811f99798434025d3d,79
0xd5b66f84146670c2375a0cc22613f0df9fcde74d,79
0x56be21efb723d2db327845a9cf6946ba56858fb2,79
0x064de67d26030c83297d3d1b3032d088be892e2b,79
0xca1dbc246cd82d379f3df25732ca79ffe12b6032,79
0x0669df39e1a3d6ce8324ec8e6fbdcf14654a055a,79
0x15c423e2c5e4980d556acd3a02ccb160d0a1d03a,79
0x6a8c81447ddf4d755fc3f7b8800cf4d9bbda70d8,79
0xdfea085ef14c3f9c1e363ecacd8e5e6ef24a9e1d,79
0x43b8e7de8212e6e1a4954405b665d482da1289bd,79
0x055d67e339549ad3bdd0ed84ed560a1d12c03e3d,79
0x0c6cea4e2ffaaf510880003c03a81160569419da,79
0xcb235d0dc69e8d085b4179c77e7981d1b9d90aca,79
0x13295163a7dc6f6a35b078db2aa164c24173c843,79
0x5872a5f39a8e3e85233b20845a6947a4111fcd4d,79
0x0921ee8a07a4871964be1afca7971fc06c2d9140,79
0x055164190362344f607a4ca3e486445d32615fef,79
0xe994fa00a24c1449aaebf3ab98d25f2d54ce769d,79
0x0c0b74126f0d4868750911d18ca74a174247ada6,79
0x586b3f34e90668aee4ffbd94e7ba143552fa70e5,79
0x799a3539e0404b3c3085293692de1c91f074e001,79
0xea4a014ae92ae704b269b8947494d1080a5b9dfa,79
0x585b7f51a3a5b531460267c670b846ce86972e32,79
0x3c906129446b9a0a24b6e221b938cd207c20c521,79
0xa00e47c8fbe274ab3c24b08081d661c8536bc80c,79
0x947aa81cfcfb4fa08055fc9c04e9d5cb846b47bf,79
0x2140c7f76afe53c74603927973c9610bcb08c587,79
0xc90275147759a3ef98c4ebd1db6be03acec13b26,79
0xcb6cd899d2c830e28b4ecb9b677aad651bb70451,79
0x03f6f282373900c2f6ce53b5a9f595b92ac5f5e5,79
0x2a54e2a772452d07efd85e8f3b6f8042c9c2a2d5,79
0x480ac9b076e14b8eeca830bedfbb753c40e0f742,79
0x63ba52526b99b9d4dddc2d95de41dff8c079d3d2,78
0x8873b045d40a458e46e356a96279ae1820a898ba,78
0x9e1ebf38aaabfdfcaa5b880a136a06fa6ee4ec57,78
0x9dfac9bbe1119da5dcdd7b095db40920cde878ef,78
0x63c410a066d5d12217b713ccac5f600a06ba45e6,78
0xaac838f5e1b6fe3a5da1ba583825d8f53402a493,78
0x63af8a41e879fc27b9c4fe0fa5d5f79a5f3f16c7,78
0x80d04dfe928fd4ad4ed2ce916644b396b70c61da,78
0x1ccd8ff59612d4108d9bbe5f16add545efc6fdbe,78
0x152b8c153e4f18bfe1cb3f2eaa563813c758e279,78
0xacec78653275b9a220ed2ec7714d52d633d10a16,78
0x9ebcb75c803b4f905ca178346acc35d39d6048b0,78
0x9fec196f151e74d5f7285b6538a68bd54cee1642,78
0x8577b84527ced5d2d9f299dc6027a9e049c17d6c,78
0x140bef3f58db618c1430342d0688a08dc851c065,78
0x9fe23f447d55cf364de468251dde3aae0f436ecc,78
0xa079039a61b234e25a1cf63bd61ce186e8382488,78
0x6dcbb3bbda11c6c5aa7ce79aa81c2f10b4a2668f,78
0x6d2dc2348eb069ec7ea9cfbbce87d8d801beecf2,78
0x80cbe79db5cba89d98b751d706f76b7980176293,78
0xa762aaa243186368ce1ef046eab37e5e733e7254,78
0x6cd22ebbb007fab7c330417d596459f97544bd1e,78
0x82ed811fd7ba9392dc2a88044a3cfa246a81f235,78
0x9f3ae1d603320980bd7fd79eb6df981d8a2a0e24,78
0xa549893711fa9b5588d1bc7f7a661a2ce1deb575,78
0xa60dd9d42fdd43e91da63bd261997e14f21c69fd,78
0xa7aff93f8dd992315ee5d40154a8e4bd9afe76d2,78
0x84443f61efc60d10da9f9a2398980cd5748394bb,78
0x1c9f2bdd47c21c0452e00fff270bac3ae33d933e,78
0x695cf62c68ad3775a47a0b9f18a7e20a9a1357ee,78
0x64fdabbdaaf96ffd1fcfbb548bd6eb59fc9a1bb6,78
0x1d414ea02c70e2ec549c0d97bdd7c7b87d8eb901,78
0x6401ad302f83106cfb9fe92ef8e1c53ddb5bb816,78
0x7c6e177d9613bbbc80557816a19a342136b24654,78
0x69f9e262ab96a599190bff462327f2d23ce2399c,78
0xaa2b97694b4c07c1e85d722bb7ec5bbd39bc2a4f,78
0xb100747560a78d6628e36e9b93cf7f318e85c312,78
0x775a7d79a4ba8315b9c4d75acbd81c47c738555e,78
0x984b719dc836861dd7f537241ccf7f7000fecbe9,78
0xa9bbd5b83ffc706342555e4a38c9c06b2e7441e5,78
0x9080860073ad25e31ee3bde8114ac5e7ec678138,78
0x97430f3192e87881fd44d28f451f12aeefffad49,78
0x9709a9f77d4349e1da4220f1458fbe9339d612e3,78
0x6d011103b9c43190e255af105b736373be1f016d,78
0x794ad3af58b56522b80aa7e9bc04f042c55d5b2f,78
0x134d3c15554e065d1c994aa5a14ec066a556841e,78
0x18ab13f62635bec69fcc1d2ce3dbe5e0bdef1b99,78
0x6f636a1a8d60747f398aa4ce6f7bd23d83d89956,78
0x11f11dafde2ed523cd935184dd28876ce52f1652,78
0x7a0709ac4e96baaae63ac6ce9f04e81b897fbe40,78
0x19f9aa162f71014b6b5859dd9b50b448629aa7a2,78
0x8e5f314bef229024e317a2cbff843b56f87fb7d0,78
0x1a272bb7f757d727c1e2d5c4ed652fb5335fa6f2,78
0xa516c41fef4e553d940e742a4728589269e57acb,78
0xad81e01b66d69f45d557d93bc746bfc3db85bcae,78
0xb375e0c12bfa084d269dcbf412ea1d6b100aae5d,78
0x9c2e9c7019d60d0972067e313f3a0c4628442021,78
0x8ad5ee55a8425a8a4938106050636e0901df4321,78
0x72f22afe6ea512396a392ee5c6e4efba613373c8,78
0x1aaa7dc643cbce12c3365429f0e3f81c75fd58ad,78
0x6a24327eba27b4640fdd65c2610457584fa1be14,78
0xa50c6ceff7d7977a530b7b66fcccbe5438405aa9,78
0x6b924183307ef2e529db662f80200611328a0cbd,78
0x9b77c35f1f7efc75f9c0dbe5f5ffd082b7cdda44,78
0x72feb270b73117c05c659e8aa66e7bfb084f43f0,78
0x6555e1cc97d3cba6eaddebbcd7ca51d75771e0b8,78
0x7e8c2d8dafc7c42670de82d088de388668d13941,78
0x11299e3ea77832418ed0fb81f77a4d8eb92083f0,78
0x213070749887f596dee47da98bbc0cd7fc425edb,78
0x8d99b4c39c26d693cb52e502bdf4918aca68c14b,78
0x70f4c4a9a94fddcbfee4ca5b527402e30458f82d,78
0x586d70b109185a4de8a55c10ffc36c851f38c44d,78
0x285d23ea20ab8138e63889669b091704a1787278,78
0x0e87e162ca440a1bc68f3e9ff6cba6f71c14e206,78
0xc1040696df61bcb377ab27f71644447d08aa01f5,78
0x4ec48496d799e4093d6e417bbb54377f8ed50f90,78
0x5c57e1428bb1a4259ec4fd9a83bd2c797e72a8f6,78
0xe178d062222443ae45850b09f16bcfaa936fd335,78
0xcb9e709a965fab8ebab70fc51281f7d7218d1bf5,78
0xc1852f917835a9f2f97112672bc5c8afd1f21dc3,78
0xc1ad79ab00b3f63577ca653cdfda344e9847d4d0,78
0x58897920c53fd0197a4fb95c291099255ac316a7,78
0x25f5767d16002de565951051a2d0407583b22e6b,78
0x25e9079673b2de7520233ec24d459c5d5c53a0db,78
0xda37cbdd756bba49d04ef03f35b843bbf6819cae,78
0xd0dcbe82cdb3072fdc4c9dbc3e0f3e6b96101d1e,78
0xbbd6d2181d9ebcd98421cd336ace3db6984f4cdb,78
0x0acc310be65aea79035e14e9ecc084146fec4405,78
0xf54a9dbff5105fb09611f07ed85e38b838530e27,78
0xbd9f5f8d2f31cf26951cfe9b7f3cc11e68d075fc,78
0xdcd30dbeff3379826512c23dc38fb89165ba9c95,78
0x3a65f2366dbac35609d8b1842b2bdc995abfa995,78
0xd84e11bee5d555ccd905817cb8cbbd5b6e6c4f0d,78
0x293425f7e1f094cd06a264187d830b59e54cac1e,78
0x3d7b7734c8a25c6e791be1294c46ab53e778aed5,78
0x50f17b6a6e32c6166eda418ed9912a5d6ba40544,78
0xe0bdfb7abb21b4203d25e6b27029a9d423e4f2cc,78
0xec7d01b1208674b8e5fd8dc7f86edc95042629df,78
0xe94e85a53845ab266483ffda5b78a0a0f575ccb9,78
0xc00119abd3b5811bdddf949ef47a1b015ba2c983,78
0xcdd5febe6164452444b31f1e0f85e2bb350894c5,78
0x432d27bb7287498f3e9c8efded7d5c9ad0055091,78
0x4394108a847703e28d7af2b7f76d557e6cb45254,78
0x40534e513df8277870b81e97b5107b3f39de4f15,78
0x368f6fad75eec78b3c6a5583c0b26a755c058108,78
0xf23bc2d6e33840d61c9673a611a9bdcccd53bfd3,78
0xf2201927b27ef22c967793d5eae870d5de19c832,78
0x4413ab45ae7aa621884a6449ff2be333bdb6327b,78
0xbb74a74275ca79b0f808c7a03c65e89735c9fc40,78
0xca8119e97013879b273711e92eaf9b8e387d77f1,78
0xb73e17edbfede1901c73d540fda9d6f5f2e55c57,78
0x09a2dc1034db960a1c5b6e21864ddeca881b0f52,78
0x39d3cf2358374acfe0bcb8b9eac9b04d20d19a0a,78
0xd272eb51c63d52134665d0cec4aefe0c1c7e241f,78
0xc4ffb187b0075e4d1ba2dbc02eefd903f086297f,78
0x094646895a32af6226297280cb58b5401e9f7a04,78
0xe61ae44aebf527bb7eb32ba9da8f8f831622463e,78
0xff5269e8ae6a9f2ff2a93c770fd35f8ce71712f8,78
0xff8d6b097316edb07fb6a8f0598a8b457661bdcd,78
0xffaccef20064fceae070107e8e4821a7fa981bb5,78
0xee3f8ef1d3cdd0cf80bf3ad103aac1c6e0647ced,78
0xe5d09257d0b83e0d2d09960c46985c153a63d15a,78
0x2c39a5334498132fd728cdc38b6cacb35aafeba1,78
0x05490a77ba53fcc220464b80e7aa101e420192d3,78
0xf6020ee2184a748a90721f112c38cc020ca09704,78
0xc7fc7385e4698a20a742f0eee7fd29487d686867,78
0xc7932865a7c10996c5e0a96a2c9586b4c9a86551,78
0x5766accd76e665a7c3c61e70e254cf8806f7de1c,78
0xbf49b454818783d12bf4f3375ff17c59015e66cb,78
0xc95be28595eb64485dac63ad14f15e41c94ee468,78
0x5f72c7ca304679b07c527dd0f245f76b5d62ce61,78
0x3f4b0089eec7d3e9cc51c9333db927b0f5416e30,78
0xb92f8cf9854e9473e2f6138880872934397304b4,78
0x5e41408192ccb2be827e5d0d5f6ca1c5e1513131,78
0xef34fd84a5ca396350c4188aae21328a8aec0a19,78
0x42087c28f296d3b2dab56e3f5d1aca1388f2be5b,78
0x01e8a979e7c5a1bb5c7af02a5f11263d0af4c19e,78
0xba333f8ff556bf35d38e102a98daf1c5f6d9d708,78
0xfe7bcb3676aabe9a6b39cb23f3a5fa41eed7ad1b,78
0x0d1d828010fdaad702cfd3c241301e35ca7d9b2c,78
0xa810b58137737445a26c803a552d629a8bb8a01b,77
0x4685bb0077179b45095a3c2a175acd9b3cd59d1c,77
0x5116ce50b9e8808b11b5aca6d591220805542e0d,77
0xca85b45119cbea766b65370cb7a6061b9060e3b0,77
0x3566974231473a3456d2305fea0bb0944d2ed698,77
0x7f7c0f57b9d0087666223b0f065e532ba4c1e2a2,77
0xf3ae4bb5691b9d45461cdcdd4becb0c9986a3237,77
0x9475a4c1bf5fc80ae079303f14b523da19619c16,77
0x520632e2a0744d5e412d940607057712962678c9,77
0x7e1e6c4e8ff242017311c96b75aa2d39ff622f29,77
0x55499854c97b5e34800361d3e76ebc9b7ff657a9,77
0x45b34d1442a4f1ea3cee895ae16e193c666ff727,77
0xd95d24c0db731d8f71459f4a516f0047aa01a61c,77
0x6aaa4bb5a36186ce99a2b8f871a7d52a34022408,77
0x6b719561b3c2163cab0ace33d2495d54a70edd3f,77
0xdbeab1a7fe2fe907fcc0bf3801720836cab8e5e8,77
0x520cf366149d9226f3fdfd876916ff8509418f80,77
0x7f0552c8a225b9f62c4500f3e878386425da1324,77
0x053b7f29bc6d95182f0e54efc86549938878647e,77
0x471d7caf12125044b582b27789c3d7f13121d80a,77
0x90a3e25582d50718f66eef67a8571b8f51ec54a5,77
0xd17ddf41b7cf84be1407a99b388629c8d7cf1b0b,77
0xef6d580d94c7d2f8f24fc85a000a6171e6c91dfb,77
0xd5c1e107e2e7cca9ed66a1b3fa0bed5c80f9ae0d,77
0x48f149d5f467dca36ae5433d526a647314c4c882,77
0x7b06bac704a85cbfc27681fac8a81db85221281a,77
0x2b4f28baef7a09fd61d348925304938312093139,77
0x39c7bc5496f4eaaa1ff75d88e079c22f0519e7b9,77
0x499e638883a42e7e6d10b6c636cae5d9b1d8fc00,77
0x14984135fb4fb2abcf707c4507ea4a5dd6e13e19,77
0xa79f75d42d8ee2c41a136bd2895e7179a15098cf,77
0xd2b4f58eae92831bf48787b01ae26dcd6161f164,77
0x70392646a0299b4b3517dd350511bc4959d71da7,77
0xa2e0a46ff26f6d9a3bad3146fdc869ed6db7ff64,77
0xd386b4bcf0b4827e2317856a427f03f761a3c812,77
